{
  "Sin": {
    "symbol": "sin",
    "display": "sin"
  },
  "Percentage": {
    "symbol": "%",
    "display": "%"
  },
  "ClearEntry": {
    "symbol": "CE",
    "display": "CE"
  },
  "ClearAll": {
    "symbol": "C",
    "display": "C"
  },
  "Erase": {
    "symbol": "<-",
    "display": "<-"
  },
  "Cos": {
    "symbol": "cos",
    "display": "cos"
  },
  "Reciprocal": {
    "symbol": "1/",
    "display": "1/x"
  },
  "Power": {
    "symbol": "^",
    "display": "x^y"
  },
  "Root": {
    "symbol": "\u221A",
    "display": "\u221A x"
  },
  "Divide": {
    "symbol": "/",
    "display": "/"
  },
  "Tan": {
    "symbol": "tan",
    "display": "tan"
  },
  "Seven": {
    "symbol": "7",
    "display": "7"
  },
  "Eight": {
    "symbol": "8",
    "display": "8"
  },
  "Nine": {
    "symbol": "9",
    "display": "9"
  },
  "Product": {
    "symbol": "*",
    "display": "x"
  },
  "Cosec": {
    "symbol": "cosec",
    "display": "cosec"
  },
  "Four": {
    "symbol": "4",
    "display": "4"
  },
  "Five": {
    "symbol": "5",
    "display": "5"
  },
  "Six": {
    "symbol": "6",
    "display": "6"
  },
  "Sub": {
    "symbol": "-",
    "display": "-"
  },
  "Sec": {
    "symbol": "sec",
    "display": "sec"
  },
  "One": {
    "symbol": "1",
    "display": "1"
  },
  "Two": {
    "symbol": "2",
    "display": "2"
  },
  "Three": {
    "symbol": "3",
    "display": "3"
  },
  "Sum": {
    "symbol": "+",
    "display": "+"
  },
  "Cot": {
    "symbol": "cot",
    "display": "cot"
  },
  "Negate": {
    "symbol": "~",
    "display": "(+/-)"
  },
  "Zero": {
    "symbol": "0",
    "display": "0"
  },
  "Decimal": {
    "symbol": ".",
    "display": "."
  },
  "Equal": {
    "symbol": "=",
    "display": "="
  }
}
