{
  "Sum": {
    "symbol": "+",
    "Precedence": 1
  },
  "Subtract": {
    "symbol": "-",
    "Precedence": 1
  },
  "Product": {
    "symbol": "*",
    "Precedence": 2
  },
  "Divide": {
    "symbol": "/",
    "Precedence": 2
  },
  "Power": {
    "symbol": "^",
    "Precedence": 3
  },
  "SquareRoot": {
    "symbol": "\u221A",
    "Precedence": 3
  },
  "Negate": {
    "symbol": "~",
    "Precedence": 3
  },
  "Percentage": {
    "symbol": "%",
    "Precendece": 3
  },
  "Log": {
    "symbol": "log",
    "Precedence": 3
  },
  "Ln": {
    "symbol": "ln",
    "Precedence": 3
  },
  "Sin": {
    "symbol": "sin",
    "Precedence": 3
  },
  "Cos": {
    "symbol": "cos",
    "Precedence": 3
  },
  "Tan": {
    "symbol": "tan",
    "Precedence": 3
  },
  "Cosec": {
    "symbol": "cosec",
    "Precedence": 3
  },
  "Sec": {
    "symbol": "sec",
    "Precedence": 3
  },
  "Cot": {
    "symbol": "cot",
    "Precedence": 3
  }
}
